[
  {
    "id": "swsh12pt5-160",
    "set": "swsh12pt5",
    "name": "Pikachu",
    "supertype": "Pokémon",
    "subtypes": ["Basic"],
    "types": ["Lightning"],
    "number": "160",
    "rarity": "Rare Secret",
    "images": {
      "small": "https://images.pokemontcg.io/swsh12pt5/160.png",
      "large": "https://images.pokemontcg.io/swsh12pt5/160_hires.png"
    }
  },
  {
    "id": "sm10-33",
    "set": "sm10",
    "name": "Squirtle",
    "supertype": "Pokémon",
    "subtypes": ["Basic"],
    "types": ["Water"],
    "number": "33",
    "rarity": "Common",
    "images": {
      "small": "https://image.shutterstock.com/image-photo/global-environmental-pollution-volunteer-collects-260nw-2141571305.jpg",
      "large": "https://image.shutterstock.com/image-photo/global-environmental-pollution-volunteer-collects-260nw-2141571305.jpg"
    }
  },
  {
    "id": "sm115-7",
    "set": "sm115",
    "name": "Charmander",
    "supertype": "Pokémon",
    "subtypes": ["Basic"],
    "types": ["Fire"],
    "number": "7",
    "rarity": "Common",
    "images": {
      "small": "https://images.pokemontcg.io/sm115/7.png",
      "large": "https://images.pokemontcg.io/sm115/7_hires.png"
    }
  },
  {
    "id": "sm35-1",
    "set": "sm35",
    "name": "Bulbasaur",
    "supertype": "Pokémon",
    "subtypes": ["Basic"],
    "types": ["Grass"],
    "number": "1",
    "rarity": "Common",
    "images": {
      "small": "https://images.pokemontcg.io/sm35/1.png",
      "large": "https://images.pokemontcg.io/sm35/1_hires.png"
    }
  },
  {
    "id": "swsh12-127",
    "set": "swsh12",
    "name": "Togedemaru",
    "supertype": "Pokémon",
    "subtypes": ["Basic"],
    "types": ["Metal"],
    "number": "127",
    "rarity": "Common",
    "images": {
      "small": "https://image.shutterstock.com/image-photo/global-environmental-pollution-volunteer-collects-260nw-2141571305.jpg",
      "large": "https://image.shutterstock.com/image-photo/global-environmental-pollution-volunteer-collects-260nw-2141571305.jpg",
      "foil": "/img/foils/swsh12/foils/127_foil_holo_reverse.jpg",
      "mask": "/img/foils/swsh12/masks/127_foil_holo_reverse.png"
    }
  },
  {
    "id": "swsh12-85",
    "set": "swsh12",
    "name": "Dedenne",
    "supertype": "Pokémon",
    "subtypes": ["Basic"],
    "types": ["Psychic"],
    "number": "85",
    "rarity": "Uncommon",
    "images": {
      "small": "https://images.pokemontcg.io/swsh12/85.png",
      "large": "https://images.pokemontcg.io/swsh12/85_hires.png",
      "foil": "/img/foils/swsh12/foils/085_foil_holo_reverse.jpg",
      "mask": "/img/foils/swsh12/masks/085_foil_holo_reverse.png"
    }
  },
  {
    "id": "swsh12-116",
    "set": "swsh12",
    "name": "Morpeko",
    "supertype": "Pokémon",
    "subtypes": ["Basic"],
    "types": ["Darkness"],
    "number": "116",
    "rarity": "Uncommon",
    "images": {
      "small": "https://images.pokemontcg.io/swsh12/116.png",
      "large": "https://images.pokemontcg.io/swsh12/116_hires.png",
      "foil": "/img/foils/swsh12/foils/116_foil_holo_reverse.jpg",
      "mask": "/img/foils/swsh12/masks/116_foil_holo_reverse.png"
    }
  },
  {
    "id": "pgo-24",
    "set": "pgo",
    "name": "Articuno",
    "supertype": "Pokémon",
    "subtypes": ["Basic"],
    "types": ["Water"],
    "number": "24",
    "rarity": "Rare Holo",
    "images": {
      "small": "https://images.pokemontcg.io/pgo/24.png",
      "large": "https://images.pokemontcg.io/pgo/24_hires.png",
      "foil": "/img/foils/pgo/foils/024_foil_holo_swholo.jpg",
      "mask": "/img/foils/pgo/masks/024_foil_holo_swholo.png"
    }
  },
  {
    "id": "pgo-29",
    "set": "pgo",
    "name": "Zapdos",
    "supertype": "Pokémon",
    "subtypes": ["Basic"],
    "types": ["Lightning"],
    "number": "29",
    "rarity": "Rare Holo",
    "images": {
      "small": "https://images.pokemontcg.io/pgo/29.png",
      "large": "https://images.pokemontcg.io/pgo/29_hires.png",
      "foil": "/img/foils/pgo/foils/029_foil_holo_swholo.jpg",
      "mask": "/img/foils/pgo/masks/029_foil_holo_swholo.png"
    }
  },
  {
    "id": "pgo-12",
    "set": "pgo",
    "name": "Moltres",
    "supertype": "Pokémon",
    "subtypes": ["Basic"],
    "types": ["Fire"],
    "number": "12",
    "rarity": "Rare Holo",
    "images": {
      "small": "https://images.pokemontcg.io/pgo/12.png",
      "large": "https://images.pokemontcg.io/pgo/12_hires.png",
      "foil": "/img/foils/pgo/foils/012_foil_holo_swholo.jpg",
      "mask": "/img/foils/pgo/masks/012_foil_holo_swholo.png"
    }
  },
  {
    "id": "swsh1-85",
    "set": "swsh1",
    "name": "Gengar",
    "supertype": "Pokémon",
    "subtypes": ["Stage 2"],
    "types": ["Psychic"],
    "number": "85",
    "rarity": "Rare Holo",
    "images": {
      "small": "https://images.pokemontcg.io/swsh1/85.png",
      "large": "https://images.pokemontcg.io/swsh1/85_hires.png",
      "foil": "/img/foils/swsh1/foils/085_foil_holo_swholo.jpg",
      "mask": "/img/foils/swsh1/masks/085_foil_holo_swholo.png"
    }
  },
  {
    "id": "swsh9-132",
    "set": "swsh9",
    "name": "Boss's Orders",
    "supertype": "Trainer",
    "subtypes": ["Supporter"],
    "number": "132",
    "rarity": "Rare Holo",
    "images": {
      "small": "https://images.pokemontcg.io/swsh9/132.png",
      "large": "https://images.pokemontcg.io/swsh9/132_hires.png",
      "foil": "/img/foils/swsh9/foils/132_foil_holo_swholo.jpg",
      "mask": "/img/foils/swsh9/masks/132_foil_holo_swholo.png"
    }
  },
  {
    "id": "pgo-43",
    "set": "pgo",
    "name": "Tyranitar",
    "supertype": "Pokémon",
    "subtypes": ["Stage 2"],
    "types": ["Darkness"],
    "number": "43",
    "rarity": "Rare Holo",
    "images": {
      "small": "https://images.pokemontcg.io/pgo/43.png",
      "large": "https://images.pokemontcg.io/pgo/43_hires.png",
      "foil": "/img/foils/pgo/foils/043_foil_holo_swholo.jpg",
      "mask": "/img/foils/pgo/masks/043_foil_holo_swholo.png"
    }
  },
  {
    "id": "swshp-SWSH012",
    "set": "swshp",
    "name": "Morpeko",
    "supertype": "Pokémon",
    "subtypes": ["Basic"],
    "types": ["Lightning"],
    "number": "SWSH012",
    "rarity": "Rare Holo Cosmos",
    "images": {
      "small": "https://images.pokemontcg.io/swshp/SWSH012.png",
      "large": "https://images.pokemontcg.io/swshp/SWSH012_hires.png",
      "foil": "/img/foils/swshp/foils/012_foil_holo_cosmos.jpg",
      "mask": "/img/foils/swshp/masks/012_foil_holo_cosmos.png"
    }
  },
  {
    "id": "swsh45-60",
    "set": "swsh45",
    "name": "Professor's Research",
    "supertype": "Trainer",
    "subtypes": ["Supporter"],
    "number": "60",
    "rarity": "Rare Holo Cosmos",
    "images": {
      "small": "https://images.pokemontcg.io/swsh45/60.png",
      "large": "https://images.pokemontcg.io/swsh45/60_hires.png",
      "foil": "/img/foils/swsh45/foils/060_foil_holo_swholo.jpg",
      "mask": "/img/foils/swsh45/masks/060_foil_holo_swholo.png"
    }
  },
  {
    "id": "swshp-SWSH127",
    "set": "swshp",
    "name": "Eevee",
    "supertype": "Pokémon",
    "subtypes": ["Basic"],
    "types": ["Colorless"],
    "number": "SWSH127",
    "rarity": "Rare Holo Cosmos",
    "images": {
      "small": "https://images.pokemontcg.io/swshp/SWSH127.png",
      "large": "https://images.pokemontcg.io/swshp/SWSH127_hires.png",
      "foil": "/img/foils/swshp/foils/127_foil_holo_cosmos.jpg",
      "mask": "/img/foils/swshp/masks/127_foil_holo_cosmos.png"
    }
  },
  {
    "id": "pgo-11",
    "set": "pgo",
    "name": "Radiant Charizard",
    "supertype": "Pokémon",
    "subtypes": ["Basic", "Radiant"],
    "types": ["Fire"],
    "number": "11",
    "rarity": "Radiant Rare",
    "images": {
      "small": "https://images.pokemontcg.io/pgo/11.png",
      "large": "https://images.pokemontcg.io/pgo/11_hires.png",
      "foil": "/img/foils/pgo/foils/011_foil_etched_radiantholo.jpg",
      "mask": "/img/foils/pgo/masks/011_foil_etched_radiantholo.png"
    }
  },
  {
    "id": "swsh12-59",
    "set": "swsh12",
    "name": "Radiant Alakazam",
    "supertype": "Pokémon",
    "subtypes": ["Basic", "Radiant"],
    "types": ["Psychic"],
    "number": "59",
    "rarity": "Radiant Rare",
    "images": {
      "small": "https://images.pokemontcg.io/swsh12/59.png",
      "large": "https://images.pokemontcg.io/swsh12/59_hires.png",
      "foil": "/img/foils/swsh12/foils/059_foil_etched_radiantholo.jpg",
      "mask": "/img/foils/swsh12/masks/059_foil_etched_radiantholo.png"
    }
  },
  {
    "id": "swsh12-120",
    "set": "swsh12",
    "name": "Radiant Jirachi",
    "supertype": "Pokémon",
    "subtypes": ["Basic", "Radiant"],
    "types": ["Metal"],
    "number": "120",
    "rarity": "Radiant Rare",
    "images": {
      "small": "https://images.pokemontcg.io/swsh12/120.png",
      "large": "https://images.pokemontcg.io/swsh12/120_hires.png",
      "foil": "/img/foils/swsh12/foils/120_foil_etched_radiantholo.jpg",
      "mask": "/img/foils/swsh12/masks/120_foil_etched_radiantholo.png"
    }
  },
  {
    "id": "swsh11tg-TG03",
    "set": "swsh11tg",
    "name": "Charizard",
    "supertype": "Pokémon",
    "subtypes": ["Stage 2"],
    "types": ["Fire"],
    "number": "TG03",
    "rarity": "trainer gallery rare holo",
    "images": {
      "small": "https://images.pokemontcg.io/swsh11tg/TG03.png",
      "large": "https://images.pokemontcg.io/swsh11tg/TG03_hires.png",
      "foil": "/img/foils/swsh11/foils/tg03_foil_holo_rainbow.jpg",
      "mask": "/img/foils/swsh11/masks/tg03_foil_holo_rainbow.png"
    }
  },
  {
    "id": "swsh11tg-TG05",
    "set": "swsh11tg",
    "name": "Pikachu",
    "supertype": "Pokémon",
    "subtypes": ["Basic"],
    "types": ["Lightning"],
    "number": "TG05",
    "rarity": "trainer gallery rare holo",
    "images": {
      "small": "https://images.pokemontcg.io/swsh11tg/TG05.png",
      "large": "https://images.pokemontcg.io/swsh11tg/TG05_hires.png",
      "foil": "/img/foils/swsh11/foils/tg05_foil_holo_rainbow.jpg",
      "mask": "/img/foils/swsh11/masks/tg05_foil_holo_rainbow.png"
    }
  },
  {
    "id": "swsh12tg-TG02",
    "set": "swsh12tg",
    "name": "Milotic",
    "supertype": "Pokémon",
    "subtypes": ["Stage 1"],
    "types": ["Water"],
    "number": "TG02",
    "rarity": "Trainer Gallery Rare Holo",
    "images": {
      "small": "https://images.pokemontcg.io/swsh12tg/TG02.png",
      "large": "https://images.pokemontcg.io/swsh12tg/TG02_hires.png",
      "foil": "/img/foils/swsh12/foils/tg02_foil_holo_rainbow.jpg",
      "mask": "/img/foils/swsh12/masks/tg02_foil_holo_rainbow.png"
    }
  },
  {
    "id": "swsh7-110",
    "set": "swsh7",
    "name": "Rayquaza V",
    "supertype": "Pokémon",
    "subtypes": ["Basic", "V", "Rapid Strike"],
    "types": ["Dragon"],
    "number": "110",
    "rarity": "Rare Holo V",
    "images": {
      "small": "https://images.pokemontcg.io/swsh7/110.png",
      "large": "https://images.pokemontcg.io/swsh7/110_hires.png",
      "foil": "/img/foils/swsh7/foils/110_foil_holo_sunpillar.jpg",
      "mask": "/img/foils/swsh7/masks/110_foil_holo_sunpillar.png"
    }
  },
  {
    "id": "swsh12-138",
    "set": "swsh12",
    "name": "Lugia V",
    "supertype": "Pokémon",
    "subtypes": ["Basic", "V"],
    "types": ["Colorless"],
    "number": "138",
    "rarity": "Rare Holo V",
    "images": {
      "small": "https://images.pokemontcg.io/swsh12/138.png",
      "large": "https://images.pokemontcg.io/swsh12/138_hires.png",
      "foil": "/img/foils/swsh12/foils/138_foil_holo_sunpillar.jpg",
      "mask": "/img/foils/swsh12/masks/138_foil_holo_sunpillar.png"
    }
  },
  {
    "id": "pgo-49",
    "set": "pgo",
    "name": "Dragonite V",
    "supertype": "Pokémon",
    "subtypes": ["Basic", "V"],
    "types": ["Dragon"],
    "number": "49",
    "rarity": "Rare Holo V",
    "images": {
      "small": "https://images.pokemontcg.io/pgo/49.png",
      "large": "https://images.pokemontcg.io/pgo/49_hires.png",
      "foil": "/img/foils/pgo/foils/049_foil_holo_sunpillar.jpg",
      "mask": "/img/foils/pgo/masks/049_foil_holo_sunpillar.png"
    }
  },
  {
    "id": "swsh8-250",
    "set": "swsh8",
    "name": "Mew V",
    "supertype": "Pokémon",
    "subtypes": ["Basic", "V", "Fusion Strike"],
    "types": ["Psychic"],
    "number": "250",
    "rarity": "Rare Ultra",
    "images": {
      "small": "https://images.pokemontcg.io/swsh8/250.png",
      "large": "https://images.pokemontcg.io/swsh8/250_hires.png",
      "foil": "/img/foils/swsh8/foils/250_foil_etched_sunpillar.jpg",
      "mask": "/img/foils/swsh8/masks/250_foil_etched_sunpillar.png"
    }
  },
  {
    "id": "swsh3-183",
    "set": "swsh3",
    "name": "Scizor V",
    "supertype": "Pokémon",
    "subtypes": ["Basic", "V"],
    "types": ["Metal"],
    "number": "183",
    "rarity": "Rare Ultra",
    "images": {
      "small": "https://images.pokemontcg.io/swsh3/183.png",
      "large": "https://images.pokemontcg.io/swsh3/183_hires.png",
      "foil": "/img/foils/swsh3/foils/183_foil_etched_sunpillar.jpg",
      "mask": "/img/foils/swsh3/masks/183_foil_etched_sunpillar.png"
    }
  },
  {
    "id": "swsh12-176",
    "set": "swsh12",
    "name": "Unown V",
    "supertype": "Pokémon",
    "subtypes": ["Basic", "V"],
    "types": ["Psychic"],
    "number": "176",
    "rarity": "Rare Ultra",
    "images": {
      "small": "https://images.pokemontcg.io/swsh12/176.png",
      "large": "https://images.pokemontcg.io/swsh12/176_hires.png",
      "foil": "/img/foils/swsh12/foils/176_foil_etched_sunpillar.jpg",
      "mask": "/img/foils/swsh12/masks/176_foil_etched_sunpillar.png"
    }
  },
  {
    "id": "swshp-SWSH179",
    "set": "swshp",
    "name": "Flareon V",
    "supertype": "Pokémon",
    "subtypes": ["Basic", "V", "Single Strike"],
    "types": ["Fire"],
    "number": "SWSH179",
    "rarity": "Rare Ultra",
    "images": {
      "small": "https://images.pokemontcg.io/swshp/SWSH179.png",
      "large": "https://images.pokemontcg.io/swshp/SWSH179_hires.png",
      "foil": "/img/foils/swshp/foils/179_foil_etched_sunpillar.jpg",
      "mask": "/img/foils/swshp/masks/179_foil_etched_sunpillar.png"
    }
  },
  {
    "id": "swshp-SWSH181",
    "set": "swshp",
    "name": "Vaporeon V",
    "supertype": "Pokémon",
    "subtypes": ["Basic", "V", "Rapid Strike"],
    "types": ["Water"],
    "number": "SWSH181",
    "rarity": "Rare Ultra",
    "images": {
      "small": "https://images.pokemontcg.io/swshp/SWSH181.png",
      "large": "https://images.pokemontcg.io/swshp/SWSH181_hires.png",
      "foil": "/img/foils/swshp/foils/181_foil_etched_sunpillar.jpg",
      "mask": "/img/foils/swshp/masks/181_foil_etched_sunpillar.png"
    }
  },
  {
    "id": "swshp-SWSH183",
    "set": "swshp",
    "name": "Jolteon V",
    "supertype": "Pokémon",
    "subtypes": ["Basic", "V"],
    "types": ["Lightning"],
    "number": "SWSH183",
    "rarity": "Rare Ultra",
    "images": {
      "small": "https://images.pokemontcg.io/swshp/SWSH183.png",
      "large": "https://images.pokemontcg.io/swshp/SWSH183_hires.png",
      "foil": "/img/foils/swshp/foils/183_foil_etched_sunpillar.jpg",
      "mask": "/img/foils/swshp/masks/183_foil_etched_sunpillar.png"
    }
  },
  {
    "id": "swsh8-245",
    "set": "swsh8",
    "name": "Celebi V",
    "supertype": "Pokémon",
    "subtypes": ["Basic", "V"],
    "types": ["Grass"],
    "number": "245",
    "rarity": "Rare Ultra",
    "images": {
      "small": "https://images.pokemontcg.io/swsh8/245.png",
      "large": "https://images.pokemontcg.io/swsh8/245_hires.png",
      "foil": "/img/foils/swsh8/foils/245_foil_etched_sunpillar.jpg",
      "mask": "/img/foils/swsh8/masks/245_foil_etched_sunpillar.png"
    }
  },
  {
    "id": "swsh11-186",
    "set": "swsh11",
    "name": "Giratina V",
    "supertype": "Pokémon",
    "subtypes": ["Basic", "V"],
    "types": ["Dragon"],
    "number": "186",
    "rarity": "Rare Ultra",
    "images": {
      "small": "https://images.pokemontcg.io/swsh11/186.png",
      "large": "https://images.pokemontcg.io/swsh11/186_hires.png",
      "foil": "/img/foils/swsh11/foils/186_foil_etched_sunpillar.jpg",
      "mask": "/img/foils/swsh11/masks/186_foil_etched_sunpillar.png"
    }
  },
  {
    "id": "swsh10-177",
    "set": "swsh10",
    "name": "Origin Forme Dialga V",
    "supertype": "Pokémon",
    "subtypes": ["Basic", "V"],
    "types": ["Metal"],
    "number": "177",
    "rarity": "Rare Ultra",
    "images": {
      "small": "https://images.pokemontcg.io/swsh10/177.png",
      "large": "https://images.pokemontcg.io/swsh10/177_hires.png",
      "foil": "/img/foils/swsh10/foils/177_foil_etched_sunpillar.jpg",
      "mask": "/img/foils/swsh10/masks/177_foil_etched_sunpillar.png"
    }
  },
  {
    "id": "swshp-SWSH180",
    "set": "swshp",
    "name": "Flareon VMAX",
    "supertype": "Pokémon",
    "subtypes": ["VMAX", "Single Strike"],
    "types": ["Fire"],
    "number": "SWSH180",
    "rarity": "Rare Rainbow",
    "images": {
      "small": "https://images.pokemontcg.io/swshp/SWSH180.png",
      "large": "https://images.pokemontcg.io/swshp/SWSH180_hires.png"
    }
  },
  {
    "id": "swshp-SWSH182",
    "set": "swshp",
    "name": "Vaporeon VMAX",
    "supertype": "Pokémon",
    "subtypes": ["VMAX", "Rapid Strike"],
    "types": ["Water"],
    "number": "SWSH182",
    "rarity": "Rare Rainbow",
    "images": {
      "small": "https://images.pokemontcg.io/swshp/SWSH182.png",
      "large": "https://images.pokemontcg.io/swshp/SWSH182_hires.png"
    }
  },
  {
    "id": "swshp-SWSH184",
    "set": "swshp",
    "name": "Jolteon VMAX",
    "supertype": "Pokémon",
    "subtypes": ["VMAX"],
    "types": ["Lightning"],
    "number": "SWSH184",
    "rarity": "Rare Rainbow",
    "images": {
      "small": "https://images.pokemontcg.io/swshp/SWSH184.png",
      "large": "https://images.pokemontcg.io/swshp/SWSH184_hires.png"
    }
  },
  {
    "id": "swsh7-29",
    "set": "swsh7",
    "name": "Gyarados VMAX",
    "supertype": "Pokémon",
    "subtypes": ["VMAX"],
    "types": ["Water"],
    "number": "29",
    "rarity": "Rare Holo VMAX",
    "images": {
      "small": "https://images.pokemontcg.io/swsh7/29.png",
      "large": "https://images.pokemontcg.io/swsh7/29_hires.png",
      "foil": "/img/foils/swsh7/foils/029_foil_etched_sunpillar.jpg",
      "mask": "/img/foils/swsh7/masks/029_foil_etched_sunpillar.png"
    }
  },
  {
    "id": "swsh45-51",
    "set": "swsh45",
    "name": "Ditto VMAX",
    "supertype": "Pokémon",
    "subtypes": ["VMAX"],
    "types": ["Colorless"],
    "number": "51",
    "rarity": "Rare Holo VMAX",
    "images": {
      "small": "https://images.pokemontcg.io/swsh45/51.png",
      "large": "https://images.pokemontcg.io/swsh45/51_hires.png",
      "foil": "/img/foils/swsh45/foils/051_foil_etched_sunpillar.jpg",
      "mask": "/img/foils/swsh45/masks/051_foil_etched_sunpillar.png"
    }
  },
  {
    "id": "swsh9-29",
    "set": "swsh9",
    "name": "Kingler VMAX",
    "supertype": "Pokémon",
    "subtypes": ["VMAX"],
    "types": ["Water"],
    "number": "29",
    "rarity": "Rare Holo VMAX",
    "images": {
      "small": "https://images.pokemontcg.io/swsh9/29.png",
      "large": "https://images.pokemontcg.io/swsh9/29_hires.png",
      "foil": "/img/foils/swsh9/foils/029_foil_etched_sunpillar.jpg",
      "mask": "/img/foils/swsh9/masks/029_foil_etched_sunpillar.png"
    }
  },
  {
    "id": "swsh8-270",
    "set": "swsh8",
    "name": "Espeon VMAX",
    "supertype": "Pokémon",
    "subtypes": ["VMAX"],
    "types": ["Psychic"],
    "number": "270",
    "rarity": "Rare Rainbow",
    "images": {
      "small": "https://images.pokemontcg.io/swsh8/270.png",
      "large": "https://images.pokemontcg.io/swsh8/270_hires.png",
      "foil": "/img/foils/swsh8/foils/270_foil_etched_swsecret.jpg",
      "mask": "/img/foils/swsh8/masks/270_foil_etched_swsecret.png"
    }
  },
  {
    "id": "swsh8-271",
    "set": "swsh8",
    "name": "Gengar VMAX",
    "supertype": "Pokémon",
    "subtypes": ["VMAX", "Single Strike"],
    "types": ["Darkness"],
    "number": "271",
    "rarity": "Rare Rainbow",
    "images": {
      "small": "https://images.pokemontcg.io/swsh8/271.png",
      "large": "https://images.pokemontcg.io/swsh8/271_hires.png",
      "foil": "/img/foils/swsh8/foils/271_foil_etched_swsecret.jpg",
      "mask": "/img/foils/swsh8/masks/271_foil_etched_swsecret.png"
    }
  },
  {
    "id": "swsh7-215",
    "set": "swsh7",
    "name": "Umbreon VMAX",
    "supertype": "Pokémon",
    "subtypes": ["VMAX", "Single Strike"],
    "types": ["Darkness"],
    "number": "215",
    "rarity": "Rare Rainbow",
    "images": {
      "small": "https://images.pokemontcg.io/swsh7/215.png",
      "large": "https://images.pokemontcg.io/swsh7/215_hires.png",
      "foil": "/img/foils/swsh7/foils/215_foil_etched_swsecret.jpg",
      "mask": "/img/foils/swsh7/masks/215_foil_etched_swsecret.png"
    }
  },
  {
    "id": "pgo-31",
    "set": "pgo",
    "name": "Mewtwo VSTAR",
    "supertype": "Pokémon",
    "subtypes": ["VSTAR"],
    "types": ["Psychic"],
    "number": "31",
    "rarity": "Rare Holo VSTAR",
    "images": {
      "small": "https://images.pokemontcg.io/pgo/31.png",
      "large": "https://images.pokemontcg.io/pgo/31_hires.png",
      "foil": "/img/foils/pgo/foils/031_foil_etched_sunpillar.jpg",
      "mask": "/img/foils/pgo/masks/031_foil_etched_sunpillar.png"
    }
  },
  {
    "id": "swshp-SWSH214",
    "set": "swshp",
    "name": "Lucario VSTAR",
    "supertype": "Pokémon",
    "subtypes": ["VSTAR"],
    "types": ["Fighting"],
    "number": "SWSH214",
    "rarity": "Rare Holo VSTAR",
    "images": {
      "small": "https://images.pokemontcg.io/swshp/SWSH214.png",
      "large": "https://images.pokemontcg.io/swshp/SWSH214_hires.png",
      "foil": "/img/foils/swshp/foils/214_foil_etched_sunpillar.jpg",
      "mask": "/img/foils/swshp/masks/214_foil_etched_sunpillar.png"
    }
  },
  {
    "id": "swsh9-18",
    "set": "swsh9",
    "name": "Charizard VSTAR",
    "supertype": "Pokémon",
    "subtypes": ["VSTAR"],
    "types": ["Fire"],
    "number": "18",
    "rarity": "Rare Holo VSTAR",
    "images": {
      "small": "https://images.pokemontcg.io/swsh9/18.png",
      "large": "https://images.pokemontcg.io/swsh9/18_hires.png",
      "foil": "/img/foils/swsh9/foils/018_foil_etched_sunpillar.jpg",
      "mask": "/img/foils/swsh9/masks/018_foil_etched_sunpillar.png"
    }
  },
  {
    "id": "swsh6-196",
    "set": "swsh6",
    "name": "Peonia",
    "supertype": "Trainer",
    "subtypes": ["Supporter"],
    "number": "196",
    "rarity": "Rare Ultra",
    "images": {
      "small": "https://images.pokemontcg.io/swsh6/196.png",
      "large": "https://images.pokemontcg.io/swsh6/196_hires.png",
      "foil": "/img/foils/swsh6/foils/196_foil_etched_sunpillar.jpg",
      "mask": "/img/foils/swsh6/masks/196_foil_etched_sunpillar.png"
    }
  },
  {
    "id": "swsh9-167",
    "set": "swsh9",
    "name": "Barry",
    "supertype": "Trainer",
    "subtypes": ["Supporter"],
    "number": "167",
    "rarity": "Rare Ultra",
    "images": {
      "small": "https://images.pokemontcg.io/swsh9/167.png",
      "large": "https://images.pokemontcg.io/swsh9/167_hires.png",
      "foil": "/img/foils/swsh9/foils/167_foil_etched_sunpillar.jpg",
      "mask": "/img/foils/swsh9/masks/167_foil_etched_sunpillar.png"
    }
  },
  {
    "id": "swsh1-200",
    "set": "swsh1",
    "name": "Marnie",
    "supertype": "Trainer",
    "subtypes": ["Supporter"],
    "number": "200",
    "rarity": "Rare Ultra",
    "images": {
      "small": "https://images.pokemontcg.io/swsh1/200.png",
      "large": "https://images.pokemontcg.io/swsh1/200_hires.png",
      "foil": "/img/foils/swsh1/foils/200_foil_etched_sunpillar.jpg",
      "mask": "/img/foils/swsh1/masks/200_foil_etched_sunpillar.png"
    }
  },
  {
    "id": "swsh11tg-TG27",
    "set": "swsh11tg",
    "name": "Nessa",
    "supertype": "Trainer",
    "subtypes": ["Supporter"],
    "number": "TG27",
    "rarity": "Rare Ultra",
    "images": {
      "small": "https://images.pokemontcg.io/swsh11tg/TG27.png",
      "large": "https://images.pokemontcg.io/swsh11tg/TG27_hires.png",
      "foil": "/img/foils/swsh11/foils/tg27_foil_etched_sunpillar.jpg",
      "mask": "/img/foils/swsh11/masks/tg27_foil_etched_sunpillar.png"
    }
  },
  {
    "id": "swsh12tg-TG26",
    "set": "swsh12tg",
    "name": "Professor Burnet",
    "supertype": "Trainer",
    "subtypes": ["Supporter"],
    "number": "TG26",
    "rarity": "Rare Ultra",
    "images": {
      "small": "https://images.pokemontcg.io/swsh12tg/TG26.png",
      "large": "https://images.pokemontcg.io/swsh12tg/TG26_hires.png",
      "foil": "/img/foils/swsh12/foils/tg26_foil_etched_sunpillar.jpg",
      "mask": "/img/foils/swsh12/masks/tg26_foil_etched_sunpillar.png"
    }
  },
  {
    "id": "swsh11tg-TG26",
    "set": "swsh11tg",
    "name": "Kabu",
    "supertype": "Trainer",
    "subtypes": ["Supporter"],
    "number": "TG26",
    "rarity": "Rare Ultra",
    "images": {
      "small": "https://images.pokemontcg.io/swsh11tg/TG26.png",
      "large": "https://images.pokemontcg.io/swsh11tg/TG26_hires.png",
      "foil": "/img/foils/swsh11/foils/tg26_foil_etched_sunpillar.jpg",
      "mask": "/img/foils/swsh11/masks/tg26_foil_etched_sunpillar.png"
    }
  },
  {
    "id": "swsh4-188",
    "set": "swsh4",
    "name": "Pikachu VMAX",
    "supertype": "Pokémon",
    "subtypes": ["VMAX"],
    "types": ["Lightning"],
    "number": "188",
    "rarity": "Rare Rainbow",
    "images": {
      "small": "https://images.pokemontcg.io/swsh4/188.png",
      "large": "https://images.pokemontcg.io/swsh4/188_hires.png",
      "foil": "/img/foils/swsh4/foils/188_foil_etched_swsecret.jpg",
      "mask": "/img/foils/swsh4/masks/188_foil_etched_swsecret.png"
    }
  },
  {
    "id": "swsh12-197",
    "set": "swsh12",
    "name": "Alolan Vulpix VSTAR",
    "supertype": "Pokémon",
    "subtypes": ["VSTAR"],
    "types": ["Water"],
    "number": "197",
    "rarity": "Rare Rainbow",
    "images": {
      "small": "https://images.pokemontcg.io/swsh12/197.png",
      "large": "https://images.pokemontcg.io/swsh12/197_hires.png",
      "foil": "/img/foils/swsh12/foils/197_foil_etched_swsecret.jpg",
      "mask": "/img/foils/swsh12/masks/197_foil_etched_swsecret.png"
    }
  },
  {
    "id": "swsh10-204",
    "set": "swsh10",
    "name": "Irida",
    "supertype": "Trainer",
    "subtypes": ["Supporter"],
    "number": "204",
    "rarity": "Rare Rainbow",
    "images": {
      "small": "https://images.pokemontcg.io/swsh10/204.png",
      "large": "https://images.pokemontcg.io/swsh10/204_hires.png",
      "foil": "/img/foils/swsh10/foils/204_foil_etched_swsecret.jpg",
      "mask": "/img/foils/swsh10/masks/204_foil_etched_swsecret.png"
    }
  },
  {
    "id": "swsh8-268",
    "set": "swsh8",
    "name": "Mew VMAX",
    "supertype": "Pokémon",
    "subtypes": ["VMAX", "Fusion Strike"],
    "types": ["Psychic"],
    "number": "268",
    "rarity": "Rare Rainbow",
    "images": {
      "small": "https://images.pokemontcg.io/swsh8/268.png",
      "large": "https://images.pokemontcg.io/swsh8/268_hires.png",
      "foil": "/img/foils/swsh8/foils/268_foil_etched_swsecret.jpg",
      "mask": "/img/foils/swsh8/masks/268_foil_etched_swsecret.png"
    }
  },
  {
    "id": "swsh9-175",
    "set": "swsh9",
    "name": "Whimsicott VSTAR",
    "supertype": "Pokémon",
    "subtypes": ["VSTAR"],
    "types": ["Psychic"],
    "number": "175",
    "rarity": "Rare Rainbow",
    "images": {
      "small": "https://images.pokemontcg.io/swsh9/175.png",
      "large": "https://images.pokemontcg.io/swsh9/175_hires.png",
      "foil": "/img/foils/swsh9/foils/175_foil_etched_swsecret.jpg",
      "mask": "/img/foils/swsh9/masks/175_foil_etched_swsecret.png"
    }
  },
  {
    "id": "swsh12-205",
    "set": "swsh12",
    "name": "Furisode Girl",
    "supertype": "Trainer",
    "subtypes": ["Supporter"],
    "number": "205",
    "rarity": "Rare Rainbow",
    "images": {
      "small": "https://images.pokemontcg.io/swsh12/205.png",
      "large": "https://images.pokemontcg.io/swsh12/205_hires.png",
      "foil": "/img/foils/swsh12/foils/205_foil_etched_swsecret.jpg",
      "mask": "/img/foils/swsh12/masks/205_foil_etched_swsecret.png"
    }
  },
  {
    "id": "swsh2-209",
    "set": "swsh2",
    "name": "Twin Energy",
    "supertype": "Energy",
    "subtypes": ["Special"],
    "number": "209",
    "rarity": "Rare Secret",
    "images": {
      "small": "https://images.pokemontcg.io/swsh2/209.png",
      "large": "https://images.pokemontcg.io/swsh2/209_hires.png",
      "foil": "/img/foils/swsh2/foils/209_foil_etched_swsecret.jpg",
      "mask": "/img/foils/swsh2/masks/209_foil_etched_swsecret.png"
    }
  },
  {
    "id": "swsh9-186",
    "set": "swsh9",
    "name": "Ultra Ball",
    "supertype": "Trainer",
    "subtypes": ["Item"],
    "number": "186",
    "rarity": "Rare Secret",
    "images": {
      "small": "https://images.pokemontcg.io/swsh9/186.png",
      "large": "https://images.pokemontcg.io/swsh9/186_hires.png",
      "foil": "/img/foils/swsh9/foils/186_foil_etched_swsecret.jpg",
      "mask": "/img/foils/swsh9/masks/186_foil_etched_swsecret.png"
    }
  },
  {
    "id": "swsh10-213",
    "set": "swsh10",
    "name": "Path to the Peak",
    "supertype": "Trainer",
    "subtypes": ["Stadium"],
    "number": "213",
    "rarity": "Rare Secret",
    "images": {
      "small": "https://images.pokemontcg.io/swsh10/213.png",
      "large": "https://images.pokemontcg.io/swsh10/213_hires.png",
      "foil": "/img/foils/swsh10/foils/213_foil_etched_swsecret.jpg",
      "mask": "/img/foils/swsh10/masks/213_foil_etched_swsecret.png"
    }
  },
  {
    "id": "swsh8-280",
    "set": "swsh8",
    "name": "Flaaffy",
    "supertype": "Pokémon",
    "subtypes": ["Stage 1"],
    "types": ["Lightning"],
    "number": "280",
    "rarity": "Rare Secret",
    "images": {
      "small": "https://images.pokemontcg.io/swsh8/280.png",
      "large": "https://images.pokemontcg.io/swsh8/280_hires.png",
      "foil": "/img/foils/swsh8/foils/280_foil_etched_swsecret.jpg",
      "mask": "/img/foils/swsh8/masks/280_foil_etched_swsecret.png"
    }
  },
  {
    "id": "swsh9-184",
    "set": "swsh9",
    "name": "Arceus VSTAR",
    "supertype": "Pokémon",
    "subtypes": ["VSTAR"],
    "types": ["Colorless"],
    "number": "184",
    "rarity": "Rare Secret",
    "images": {
      "small": "https://images.pokemontcg.io/swsh9/184.png",
      "large": "https://images.pokemontcg.io/swsh9/184_hires.png",
      "foil": "/img/foils/swsh9/foils/184_foil_etched_swsecret.jpg",
      "mask": "/img/foils/swsh9/masks/184_foil_etched_swsecret.png"
    }
  },
  {
    "id": "swsh11tg-TG30",
    "set": "swsh11tg",
    "name": "Mew VMAX",
    "supertype": "Pokémon",
    "subtypes": ["VMAX", "Fusion Strike"],
    "types": ["Psychic"],
    "number": "TG30",
    "rarity": "Rare Secret",
    "images": {
      "small": "https://images.pokemontcg.io/swsh11tg/TG30.png",
      "large": "https://images.pokemontcg.io/swsh11tg/TG30_hires.png",
      "foil": "/img/foils/swsh11/foils/tg30_foil_etched_swsecret.jpg",
      "mask": "/img/foils/swsh11/masks/tg30_foil_etched_swsecret.png"
    }
  },
  {
    "id": "swsh9tg-TG16",
    "set": "swsh9tg",
    "name": "Mimikyu V",
    "supertype": "Pokémon",
    "subtypes": ["Basic", "V"],
    "types": ["Psychic"],
    "number": "TG16",
    "rarity": "Rare Holo V",
    "images": {
      "small": "https://images.pokemontcg.io/swsh9tg/TG16.png",
      "large": "https://images.pokemontcg.io/swsh9tg/TG16_hires.png",
      "foil": "/img/foils/swsh9/foils/tg16_foil_etched_sunpillar.jpg",
      "mask": "/img/foils/swsh9/masks/tg16_foil_etched_sunpillar.png"
    }
  },
  {
    "id": "swsh9tg-TG18",
    "set": "swsh9tg",
    "name": "Single Strike Urshifu V",
    "supertype": "Pokémon",
    "subtypes": ["Basic", "V", "Single Strike"],
    "types": ["Fighting"],
    "number": "TG18",
    "rarity": "Rare Holo V",
    "images": {
      "small": "https://images.pokemontcg.io/swsh9tg/TG18.png",
      "large": "https://images.pokemontcg.io/swsh9tg/TG18_hires.png",
      "foil": "/img/foils/swsh9/foils/tg18_foil_etched_sunpillar.jpg",
      "mask": "/img/foils/swsh9/masks/tg18_foil_etched_sunpillar.png"
    }
  },
  {
    "id": "swsh11tg-TG16",
    "set": "swsh11tg",
    "name": "Pikachu V",
    "supertype": "Pokémon",
    "subtypes": ["Basic", "V"],
    "types": ["Lightning"],
    "number": "TG16",
    "rarity": "Rare Holo V",
    "images": {
      "small": "https://images.pokemontcg.io/swsh11tg/TG16.png",
      "large": "https://images.pokemontcg.io/swsh11tg/TG16_hires.png",
      "foil": "/img/foils/swsh11/foils/tg16_foil_etched_sunpillar.jpg",
      "mask": "/img/foils/swsh11/masks/tg16_foil_etched_sunpillar.png"
    }
  },
  {
    "id": "swsh9tg-TG17",
    "set": "swsh9tg",
    "name": "Mimikyu VMAX",
    "supertype": "Pokémon",
    "subtypes": ["VMAX"],
    "types": ["Psychic"],
    "number": "TG17",
    "rarity": "Rare Holo VMAX",
    "images": {
      "small": "https://images.pokemontcg.io/swsh9tg/TG17.png",
      "large": "https://images.pokemontcg.io/swsh9tg/TG17_hires.png",
      "foil": "/img/foils/swsh9/foils/tg17_foil_etched_sunpillar.jpg",
      "mask": "/img/foils/swsh9/masks/tg17_foil_etched_sunpillar.png"
    }
  },
  {
    "id": "swsh9tg-TG19",
    "set": "swsh9tg",
    "name": "Single Strike Urshifu VMAX",
    "supertype": "Pokémon",
    "subtypes": ["VMAX", "Single Strike"],
    "types": ["Fighting"],
    "number": "TG19",
    "rarity": "Rare Holo VMAX",
    "images": {
      "small": "https://images.pokemontcg.io/swsh9tg/TG19.png",
      "large": "https://images.pokemontcg.io/swsh9tg/TG19_hires.png",
      "foil": "/img/foils/swsh9/foils/tg19_foil_etched_sunpillar.jpg",
      "mask": "/img/foils/swsh9/masks/tg19_foil_etched_sunpillar.png"
    }
  },
  {
    "id": "swsh11tg-TG17",
    "set": "swsh11tg",
    "name": "Pikachu VMAX",
    "supertype": "Pokémon",
    "subtypes": ["VMAX"],
    "types": ["Lightning"],
    "number": "TG17",
    "rarity": "Rare Holo VMAX",
    "images": {
      "small": "https://images.pokemontcg.io/swsh11tg/TG17.png",
      "large": "https://images.pokemontcg.io/swsh11tg/TG17_hires.png",
      "foil": "/img/foils/swsh11/foils/tg17_foil_etched_sunpillar.jpg",
      "mask": "/img/foils/swsh11/masks/tg17_foil_etched_sunpillar.png"
    }
  },
  {
    "id": "swsh9-120",
    "set": "swsh9",
    "name": "Bidoof",
    "supertype": "Pokémon",
    "subtypes": ["Basic"],
    "types": ["Colorless"],
    "number": "120",
    "rarity": "Common",
    "images": {
      "small": "https://images.pokemontcg.io/swsh9/120.png",
      "large": "https://images.pokemontcg.io/swsh9/120_hires.png",
      "foil": "/img/foils/swsh9/foils/120_foil_holo_reverse.jpg",
      "mask": "/img/foils/swsh9/masks/120_foil_holo_reverse.png"
    }
  },
  {
    "id": "swsh12-49",
    "set": "swsh12",
    "name": "Pikachu",
    "supertype": "Pokémon",
    "subtypes": ["Basic"],
    "types": ["Lightning"],
    "number": "49",
    "rarity": "Common",
    "images": {
      "small": "https://images.pokemontcg.io/swsh12/49.png",
      "large": "https://images.pokemontcg.io/swsh12/49_hires.png",
      "foil": "/img/foils/swsh12/foils/049_foil_holo_reverse.jpg",
      "mask": "/img/foils/swsh12/masks/049_foil_holo_reverse.png"
    }
  },
  {
    "id": "swsh8-138",
    "set": "swsh8",
    "name": "Onix",
    "supertype": "Pokémon",
    "subtypes": ["Basic"],
    "types": ["Fighting"],
    "number": "138",
    "rarity": "Common",
    "images": {
      "small": "https://images.pokemontcg.io/swsh8/138.png",
      "large": "https://images.pokemontcg.io/swsh8/138_hires.png",
      "foil": "/img/foils/swsh8/foils/138_foil_holo_reverse.jpg",
      "mask": "/img/foils/swsh8/masks/138_foil_holo_reverse.png"
    }
  },
  {
    "id": "pgo-69",
    "set": "pgo",
    "name": "PokéStop",
    "supertype": "Trainer",
    "subtypes": ["Stadium"],
    "number": "68",
    "rarity": "Uncommon",
    "images": {
      "small": "https://images.pokemontcg.io/pgo/68.png",
      "large": "https://images.pokemontcg.io/pgo/68_hires.png",
      "foil": "/img/foils/pgo/foils/068_foil_holo_reverse.jpg",
      "mask": "/img/foils/pgo/masks/068_foil_holo_reverse.png"
    }
  },
  {
    "id": "swsh1-173",
    "set": "swsh1",
    "name": "Poké Kid",
    "supertype": "Trainer",
    "subtypes": ["Supporter"],
    "number": "173",
    "rarity": "Uncommon",
    "images": {
      "small": "https://images.pokemontcg.io/swsh1/173.png",
      "large": "https://images.pokemontcg.io/swsh1/173_hires.png",
      "foil": "/img/foils/swsh1/foils/173_foil_holo_reverse.jpg",
      "mask": "/img/foils/swsh1/masks/173_foil_holo_reverse.png"
    }
  },
  {
    "id": "swsh9-150",
    "set": "swsh9",
    "name": "Ultra Ball",
    "supertype": "Trainer",
    "subtypes": ["Item"],
    "number": "150",
    "rarity": "Uncommon",
    "images": {
      "small": "https://images.pokemontcg.io/swsh9/150.png",
      "large": "https://images.pokemontcg.io/swsh9/150_hires.png",
      "foil": "/img/foils/swsh9/foils/150_foil_holo_reverse.jpg",
      "mask": "/img/foils/swsh9/masks/150_foil_holo_reverse.png"
    }
  },
  {
    "id": "swsh4-9",
    "set": "swsh4",
    "name": "Celebi",
    "supertype": "Pokémon",
    "subtypes": ["Basic"],
    "types": ["Grass"],
    "number": "9",
    "rarity": "Amazing Rare",
    "images": {
      "small": "https://images.pokemontcg.io/swsh4/9.png",
      "large": "https://images.pokemontcg.io/swsh4/9_hires.png",
      "foil": "/img/foils/swsh4/foils/009_foil_etched_swsecret.jpg",
      "mask": "/img/foils/swsh4/masks/009_foil_etched_swsecret.png"
    }
  },
  {
    "id": "swsh4-50",
    "set": "swsh4",
    "name": "Raikou",
    "supertype": "Pokémon",
    "subtypes": ["Basic"],
    "types": ["Lightning"],
    "number": "50",
    "rarity": "Amazing Rare",
    "images": {
      "small": "https://images.pokemontcg.io/swsh4/50.png",
      "large": "https://images.pokemontcg.io/swsh4/50_hires.png",
      "foil": "/img/foils/swsh4/foils/050_foil_etched_swsecret.jpg",
      "mask": "/img/foils/swsh4/masks/050_foil_etched_swsecret.png"
    }
  },
  {
    "id": "swsh4-82",
    "set": "swsh4",
    "name": "Zacian",
    "supertype": "Pokémon",
    "subtypes": ["Basic"],
    "types": ["Psychic"],
    "number": "82",
    "rarity": "Amazing Rare",
    "images": {
      "small": "https://images.pokemontcg.io/swsh4/82.png",
      "large": "https://images.pokemontcg.io/swsh4/82_hires.png",
      "foil": "/img/foils/swsh4/foils/082_foil_etched_swsecret.jpg",
      "mask": "/img/foils/swsh4/masks/082_foil_etched_swsecret.png"
    }
  },
  {
    "id": "swsh4-102",
    "set": "swsh4",
    "name": "Zamazenta",
    "supertype": "Pokémon",
    "subtypes": ["Basic"],
    "types": ["Fighting"],
    "number": "102",
    "rarity": "Amazing Rare",
    "images": {
      "small": "https://images.pokemontcg.io/swsh4/102.png",
      "large": "https://images.pokemontcg.io/swsh4/102_hires.png",
      "foil": "/img/foils/swsh4/foils/102_foil_etched_swsecret.jpg",
      "mask": "/img/foils/swsh4/masks/102_foil_etched_swsecret.png"
    }
  },
  {
    "id": "swsh4-119",
    "set": "swsh4",
    "name": "Jirachi",
    "supertype": "Pokémon",
    "subtypes": ["Basic"],
    "types": ["Metal"],
    "number": "119",
    "rarity": "Amazing Rare",
    "images": {
      "small": "https://images.pokemontcg.io/swsh4/119.png",
      "large": "https://images.pokemontcg.io/swsh4/119_hires.png",
      "foil": "/img/foils/swsh4/foils/119_foil_etched_swsecret.jpg",
      "mask": "/img/foils/swsh4/masks/119_foil_etched_swsecret.png"
    }
  },
  {
    "id": "swsh4-138",
    "set": "swsh4",
    "name": "Rayquaza",
    "supertype": "Pokémon",
    "subtypes": ["Basic"],
    "types": ["Colorless"],
    "number": "138",
    "rarity": "Amazing Rare",
    "images": {
      "small": "https://images.pokemontcg.io/swsh4/138.png",
      "large": "https://images.pokemontcg.io/swsh4/138_hires.png",
      "foil": "/img/foils/swsh4/foils/138_foil_etched_swsecret.jpg",
      "mask": "/img/foils/swsh4/masks/138_foil_etched_swsecret.png"
    }
  },
  {
    "id": "swsh45-17",
    "set": "swsh45",
    "name": "Reshiram",
    "supertype": "Pokémon",
    "subtypes": ["Basic"],
    "types": ["Fire"],
    "number": "17",
    "rarity": "Amazing Rare",
    "images": {
      "small": "https://images.pokemontcg.io/swsh45/17.png",
      "large": "https://images.pokemontcg.io/swsh45/17_hires.png",
      "foil": "/img/foils/swsh45/foils/017_foil_etched_swsecret.jpg",
      "mask": "/img/foils/swsh45/masks/017_foil_etched_swsecret.png"
    }
  },
  {
    "id": "swsh45-21",
    "set": "swsh45",
    "name": "Kyogre",
    "supertype": "Pokémon",
    "subtypes": ["Basic"],
    "types": ["Water"],
    "number": "21",
    "rarity": "Amazing Rare",
    "images": {
      "small": "https://images.pokemontcg.io/swsh45/21.png",
      "large": "https://images.pokemontcg.io/swsh45/21_hires.png",
      "foil": "/img/foils/swsh45/foils/021_foil_etched_swsecret.jpg",
      "mask": "/img/foils/swsh45/masks/021_foil_etched_swsecret.png"
    }
  },
  {
    "id": "swsh45-46",
    "set": "swsh45",
    "name": "Yveltal",
    "supertype": "Pokémon",
    "subtypes": ["Basic"],
    "types": ["Darkness"],
    "number": "46",
    "rarity": "Amazing Rare",
    "images": {
      "small": "https://images.pokemontcg.io/swsh45/46.png",
      "large": "https://images.pokemontcg.io/swsh45/46_hires.png",
      "foil": "/img/foils/swsh45/foils/046_foil_etched_swsecret.jpg",
      "mask": "/img/foils/swsh45/masks/046_foil_etched_swsecret.png"
    }
  },
  {
    "id": "swsh45sv-SV093",
    "set": "swsh45sv",
    "name": "Minccino",
    "supertype": "Pokémon",
    "subtypes": ["Basic"],
    "types": ["Colorless"],
    "number": "SV093",
    "rarity": "Rare Shiny",
    "images": {
      "small": "https://images.pokemontcg.io/swsh45sv/SV093.png",
      "large": "https://images.pokemontcg.io/swsh45sv/SV093_hires.png",
      "foil": "/img/foils/swsh45/foils/sv093_foil_etched_sunpillar.jpg",
      "mask": "/img/foils/swsh45/masks/sv093_foil_etched_sunpillar.png"
    }
  },
  {
    "id": "swsh45sv-SV094",
    "set": "swsh45sv",
    "name": "Cinccino",
    "supertype": "Pokémon",
    "subtypes": ["Stage 1"],
    "types": ["Colorless"],
    "number": "SV094",
    "rarity": "Rare Shiny",
    "images": {
      "small": "https://images.pokemontcg.io/swsh45sv/SV094.png",
      "large": "https://images.pokemontcg.io/swsh45sv/SV094_hires.png",
      "foil": "/img/foils/swsh45/foils/sv094_foil_etched_sunpillar.jpg",
      "mask": "/img/foils/swsh45/masks/sv094_foil_etched_sunpillar.png"
    }
  },
  {
    "id": "swsh45sv-SV110",
    "set": "swsh45sv",
    "name": "Lapras V",
    "supertype": "Pokémon",
    "subtypes": ["Basic", "V"],
    "types": ["Water"],
    "number": "SV110",
    "rarity": "Rare Holo V",
    "images": {
      "small": "https://images.pokemontcg.io/swsh45sv/SV110.png",
      "large": "https://images.pokemontcg.io/swsh45sv/SV110_hires.png",
      "foil": "/img/foils/swsh45/foils/sv110_foil_etched_sunpillar.jpg",
      "mask": "/img/foils/swsh45/masks/sv110_foil_etched_sunpillar.png"
    }
  },
  {
    "id": "swsh45sv-SV023",
    "set": "swsh45sv",
    "name": "Galarian Darumaka",
    "supertype": "Pokémon",
    "subtypes": ["Basic"],
    "types": ["Water"],
    "number": "SV023",
    "rarity": "Rare Shiny",
    "images": {
      "small": "https://images.pokemontcg.io/swsh45sv/SV023.png",
      "large": "https://images.pokemontcg.io/swsh45sv/SV023_hires.png",
      "foil": "/img/foils/swsh45/foils/sv023_foil_etched_sunpillar.jpg",
      "mask": "/img/foils/swsh45/masks/sv023_foil_etched_sunpillar.png"
    }
  },
  {
    "id": "swsh45sv-SV076",
    "set": "swsh45sv",
    "name": "Koffing",
    "supertype": "Pokémon",
    "subtypes": ["Basic"],
    "types": ["Darkness"],
    "number": "SV076",
    "rarity": "Rare Shiny",
    "images": {
      "small": "https://images.pokemontcg.io/swsh45sv/SV076.png",
      "large": "https://images.pokemontcg.io/swsh45sv/SV076_hires.png",
      "foil": "/img/foils/swsh45/foils/sv076_foil_etched_sunpillar.jpg",
      "mask": "/img/foils/swsh45/masks/sv076_foil_etched_sunpillar.png"
    }
  },
  {
    "id": "swsh45sv-SV107",
    "set": "swsh45sv",
    "name": "Charizard VMAX",
    "supertype": "Pokémon",
    "subtypes": ["VMAX"],
    "types": ["Fire"],
    "number": "SV107",
    "rarity": "Rare Holo VMAX",
    "images": {
      "small": "https://images.pokemontcg.io/swsh45sv/SV107.png",
      "large": "https://images.pokemontcg.io/swsh45sv/SV107_hires.png",
      "foil": "/img/foils/swsh45/foils/sv107_foil_etched_swsecret.jpg",
      "mask": "/img/foils/swsh45/masks/sv107_foil_etched_swsecret.png"
    }
  }
]
